venue,ticker,pr_open,pr_high,pr_low,pr_close,volume,turnover,valid_time
MOEX,USD000UTSTOM,60.26,60.6425,60.2,60.3925,1202000,72588942,2022-11-14 04:00:00+00:00
MOEX,USD000UTSTOM,60.3875,60.5475,60.3175,60.4675,1982000,119762007,2022-11-14 04:10:00+00:00
MOEX,USD000UTSTOM,60.4775,60.48,60.3,60.3,3200000,193092992,2022-11-14 04:20:00+00:00
MOEX,USD000UTSTOM,60.3175,60.39,60.3,60.305,2806000,169249205,2022-11-14 04:30:00+00:00
MOEX,USD000UTSTOM,60.33,60.46,60.305,60.415,4488000,271081685,2022-11-14 04:40:00+00:00
MOEX,USD000UTSTOM,60.42,60.6825,60.3375,60.4975,2400000,145101240,2022-11-14 04:50:00+00:00
MOEX,USD000UTSTOM,60.5325,60.6225,60.5325,60.595,1617000,97944145,2022-11-14 05:00:00+00:00
MOEX,USD000UTSTOM,60.595,60.6625,60.595,60.62,866000,52502605,2022-11-14 05:10:00+00:00
MOEX,USD000UTSTOM,60.6,60.6475,60.57,60.6175,746000,45216397,2022-11-14 05:20:00+00:00
MOEX,USD000UTSTOM,60.65,60.6675,60.62,60.655,764000,46336632,2022-11-14 05:30:00+00:00
MOEX,USD000UTSTOM,60.6475,60.68,60.6,60.6,1746000,105868252,2022-11-14 05:40:00+00:00
MOEX,USD000UTSTOM,60.61,60.61,60.5025,60.515,1506000,91188677,2022-11-14 05:50:00+00:00
MOEX,USD000UTSTOM,60.5125,60.5125,60.4075,60.45,6874000,415531235,2022-11-14 06:00:00+00:00
MOEX,USD000UTSTOM,60.4425,60.505,60.4325,60.49,4004000,242142237,2022-11-14 06:10:00+00:00
MOEX,USD000UTSTOM,60.5025,60.5225,60.4675,60.4675,2993000,181051362,2022-11-14 06:20:00+00:00
MOEX,USD000UTSTOM,60.4675,60.4975,60.4625,60.4975,4843000,292890642,2022-11-14 06:30:00+00:00
MOEX,USD000UTSTOM,60.4925,60.52,60.45,60.4575,11064000,669074007,2022-11-14 06:40:00+00:00
MOEX,USD000UTSTOM,60.45,60.51,60.415,60.45,15576000,941598055,2022-11-14 06:50:00+00:00
MOEX,USD000UTSTOM,60.45,60.555,60.4375,60.53,22146000,1339949260,2022-11-14 07:00:00+00:00
MOEX,USD000UTSTOM,60.5275,60.58,60.4725,60.4875,54609000,3305683602,2022-11-14 07:10:00+00:00
MOEX,USD000UTSTOM,60.49,60.5325,60.47,60.5,43285000,2618892180,2022-11-14 07:20:00+00:00
MOEX,USD000UTSTOM,60.5,60.51,60.405,60.4225,42860000,2591707332,2022-11-14 07:30:00+00:00
MOEX,USD000UTSTOM,60.42,60.4625,60.3975,60.435,39863000,2408524480,2022-11-14 07:40:00+00:00
MOEX,USD000UTSTOM,60.43,60.46,60.36,60.385,35503000,2145358375,2022-11-14 07:50:00+00:00
MOEX,USD000UTSTOM,60.3775,60.4275,60.35,60.35,36147000,2182601807,2022-11-14 08:00:00+00:00
MOEX,USD000UTSTOM,60.3575,60.365,60.265,60.31,40180000,2423631645,2022-11-14 08:10:00+00:00
MOEX,USD000UTSTOM,60.3125,60.33,60.225,60.2675,34448000,2076265470,2022-11-14 08:20:00+00:00
MOEX,USD000UTSTOM,60.2675,60.29,60.21,60.255,28973000,1745643267,2022-11-14 08:30:00+00:00
MOEX,USD000UTSTOM,60.2525,60.29,60.2225,60.2575,23784000,1433141147,2022-11-14 08:40:00+00:00
MOEX,USD000UTSTOM,60.2575,60.305,60.255,60.285,20055000,1208968460,2022-11-14 08:50:00+00:00
MOEX,USD000UTSTOM,60.2875,60.3275,60.255,60.305,29225000,1762107850,2022-11-14 09:00:00+00:00
MOEX,USD000UTSTOM,60.305,60.345,60.2775,60.34,20709000,1248732537,2022-11-14 09:10:00+00:00
MOEX,USD000UTSTOM,60.3425,60.4125,60.34,60.4025,17156000,1035681017,2022-11-14 09:20:00+00:00
MOEX,USD000UTSTOM,60.405,60.4575,60.4,60.43,27950000,1688855325,2022-11-14 09:30:00+00:00
MOEX,USD000UTSTOM,60.4275,60.4775,60.38,60.39,17926000,1082876132,2022-11-14 09:40:00+00:00
MOEX,USD000UTSTOM,60.3875,60.39,60.3175,60.34,33276000,2008117582,2022-11-14 09:50:00+00:00
MOEX,USD000UTSTOM,60.3375,60.37,60.3225,60.3275,38163000,2303001072,2022-11-14 10:00:00+00:00
MOEX,USD000UTSTOM,60.335,60.4,60.3325,60.38,32070000,1935761675,2022-11-14 10:10:00+00:00
MOEX,USD000UTSTOM,60.38,60.4125,60.3725,60.3975,24733000,1493668237,2022-11-14 10:20:00+00:00
MOEX,USD000UTSTOM,60.3975,60.4,60.335,60.335,11712000,706925107,2022-11-14 10:30:00+00:00
MOEX,USD000UTSTOM,60.34,60.415,60.335,60.415,23383000,1411409027,2022-11-14 10:40:00+00:00
MOEX,USD000UTSTOM,60.415,60.4425,60.33,60.3375,23367000,1410915680,2022-11-14 10:50:00+00:00
MOEX,USD000UTSTOM,60.34,60.37,60.31,60.37,25646000,1547326537,2022-11-14 11:00:00+00:00
MOEX,USD000UTSTOM,60.3675,60.37,60.3175,60.345,28756000,1735491165,2022-11-14 11:10:00+00:00
MOEX,USD000UTSTOM,60.3375,60.3775,60.3325,60.35,25764000,1555093930,2022-11-14 11:20:00+00:00
MOEX,USD000UTSTOM,60.3475,60.3725,60.34,60.3475,24517000,1479698327,2022-11-14 11:30:00+00:00
MOEX,USD000UTSTOM,60.345,60.465,60.3425,60.465,27233000,1645459950,2022-11-14 11:40:00+00:00
MOEX,USD000UTSTOM,60.47,60.585,60.47,60.57,15256000,923466707,2022-11-14 11:50:00+00:00
MOEX,USD000UTSTOM,60.57,60.615,60.5575,60.5975,21498000,1302567160,2022-11-14 12:00:00+00:00
MOEX,USD000UTSTOM,60.595,60.6125,60.5725,60.6,23160000,1403226665,2022-11-14 12:10:00+00:00
MOEX,USD000UTSTOM,60.605,60.6925,60.605,60.6625,16394000,994336025,2022-11-14 12:20:00+00:00
MOEX,USD000UTSTOM,60.66,60.675,60.63,60.6625,11484000,696535410,2022-11-14 12:30:00+00:00
MOEX,USD000UTSTOM,60.6525,60.6575,60.425,60.495,27743000,1678665497,2022-11-14 12:40:00+00:00
MOEX,USD000UTSTOM,60.4975,60.5475,60.4775,60.4775,34994000,2117462610,2022-11-14 12:50:00+00:00
MOEX,USD000UTSTOM,60.4875,60.5375,60.47,60.49,16328000,987969335,2022-11-14 13:00:00+00:00
MOEX,USD000UTSTOM,60.485,60.515,60.475,60.4875,12196000,737734477,2022-11-14 13:10:00+00:00
MOEX,USD000UTSTOM,60.49,60.55,60.44,60.53,7760000,469351100,2022-11-14 13:20:00+00:00
MOEX,USD000UTSTOM,60.5325,60.6,60.5325,60.5875,10999000,666375337,2022-11-14 13:30:00+00:00
MOEX,USD000UTSTOM,60.59,60.6,60.5375,60.58,9546000,578216580,2022-11-14 13:40:00+00:00
MOEX,USD000UTSTOM,60.575,60.5875,60.46,60.5125,18783000,1136506287,2022-11-14 13:50:00+00:00
MOEX,USD000UTSTOM,60.505,60.555,60.495,60.55,20390000,1234195980,2022-11-14 14:00:00+00:00
MOEX,USD000UTSTOM,60.545,60.5625,60.4725,60.4875,15738000,952455752,2022-11-14 14:10:00+00:00
MOEX,USD000UTSTOM,60.5025,60.5625,60.5025,60.5225,13484000,816280755,2022-11-14 14:20:00+00:00
MOEX,EUR_RUB__TOM,61.05,61.05,61.05,61.05,6000,366300,2022-11-14 03:50:00+00:00
MOEX,EUR_RUB__TOM,62.0425,62.215,61.9,62.12,219000,13606355,2022-11-14 04:00:00+00:00
MOEX,EUR_RUB__TOM,62.025,62.2575,61.9125,62.0775,280000,17400690,2022-11-14 04:10:00+00:00
MOEX,EUR_RUB__TOM,62.1175,62.1175,62.0525,62.0975,234000,14527225,2022-11-14 04:20:00+00:00
MOEX,EUR_RUB__TOM,62.09,62.1,62.09,62.1,52000,3229180,2022-11-14 04:30:00+00:00
MOEX,EUR_RUB__TOM,62.035,62.3075,62.035,62.0825,519000,32230042,2022-11-14 04:40:00+00:00
MOEX,EUR_RUB__TOM,62.2,62.3075,62.085,62.3075,74000,4601457,2022-11-14 04:50:00+00:00
MOEX,EUR_RUB__TOM,62.255,62.29,62.145,62.25,86000,5355800,2022-11-14 05:00:00+00:00
MOEX,EUR_RUB__TOM,62.245,62.3825,62.2225,62.3825,111000,6920797,2022-11-14 05:10:00+00:00
MOEX,EUR_RUB__TOM,62.2925,62.3225,62.2925,62.3225,54000,3363915,2022-11-14 05:20:00+00:00
MOEX,EUR_RUB__TOM,62.2725,62.285,62.2725,62.285,11000,685010,2022-11-14 05:30:00+00:00
MOEX,EUR_RUB__TOM,62.315,62.4,62.245,62.4,62000,3864380,2022-11-14 05:40:00+00:00
MOEX,EUR_RUB__TOM,62.2325,62.3475,62.2,62.3475,200000,12456477,2022-11-14 05:50:00+00:00
MOEX,EUR_RUB__TOM,62.1575,62.25,62.155,62.17,467000,29038925,2022-11-14 06:00:00+00:00
MOEX,EUR_RUB__TOM,62.19,62.2575,62.19,62.2575,291000,18100077,2022-11-14 06:10:00+00:00
MOEX,EUR_RUB__TOM,62.2625,62.265,62.215,62.215,259000,16119332,2022-11-14 06:20:00+00:00
MOEX,EUR_RUB__TOM,62.21,62.3175,62.21,62.3175,1333000,82988785,2022-11-14 06:30:00+00:00
MOEX,EUR_RUB__TOM,62.2725,62.305,62.2225,62.27,5592000,348265267,2022-11-14 06:40:00+00:00
MOEX,EUR_RUB__TOM,62.265,62.2825,62.265,62.275,482000,30014470,2022-11-14 06:50:00+00:00
MOEX,EUR_RUB__TOM,62.265,62.2825,62.1775,62.2125,10082000,627496987,2022-11-14 07:00:00+00:00
MOEX,EUR_RUB__TOM,62.2125,62.2475,62.1525,62.1675,23575000,1466606732,2022-11-14 07:10:00+00:00
MOEX,EUR_RUB__TOM,62.17,62.255,62.1675,62.1875,17250000,1073105432,2022-11-14 07:20:00+00:00
MOEX,EUR_RUB__TOM,62.1925,62.255,62.1725,62.1725,29654000,1845086235,2022-11-14 07:30:00+00:00
MOEX,EUR_RUB__TOM,62.175,62.2425,62.1525,62.2125,16509000,1026706585,2022-11-14 07:40:00+00:00
MOEX,EUR_RUB__TOM,62.2175,62.2225,62.16,62.1725,9087000,565129530,2022-11-14 07:50:00+00:00
MOEX,EUR_RUB__TOM,62.165,62.2375,62.1625,62.18,20837000,1296295535,2022-11-14 08:00:00+00:00
MOEX,EUR_RUB__TOM,62.18,62.2325,62.17,62.1925,13441000,836098495,2022-11-14 08:10:00+00:00
MOEX,EUR_RUB__TOM,62.1975,62.2375,62.13,62.1325,14326000,891085737,2022-11-14 08:20:00+00:00
MOEX,EUR_RUB__TOM,62.14,62.21,62.0775,62.095,15462000,961204390,2022-11-14 08:30:00+00:00
MOEX,EUR_RUB__TOM,62.0925,62.2325,62.09,62.2225,20080000,1248399327,2022-11-14 08:40:00+00:00
MOEX,EUR_RUB__TOM,62.22,62.27,62.205,62.2125,15369000,956443337,2022-11-14 08:50:00+00:00
MOEX,EUR_RUB__TOM,62.215,62.2375,62.1575,62.1625,10779000,670464812,2022-11-14 09:00:00+00:00
MOEX,EUR_RUB__TOM,62.1675,62.22,62.1575,62.215,7927000,492864020,2022-11-14 09:10:00+00:00
MOEX,EUR_RUB__TOM,62.2175,62.2425,62.15,62.215,9608000,597540260,2022-11-14 09:20:00+00:00
MOEX,EUR_RUB__TOM,62.2125,62.2775,62.2075,62.24,9491000,590722390,2022-11-14 09:30:00+00:00
MOEX,EUR_RUB__TOM,62.24,62.2625,62.2,62.2175,11345000,705991712,2022-11-14 09:40:00+00:00
MOEX,EUR_RUB__TOM,62.2125,62.2375,62.175,62.2175,10736000,667762642,2022-11-14 09:50:00+00:00
MOEX,EUR_RUB__TOM,62.225,62.2875,62.2075,62.2525,19675000,1224820310,2022-11-14 10:00:00+00:00
MOEX,EUR_RUB__TOM,62.25,62.29,62.205,62.235,10387000,646537487,2022-11-14 10:10:00+00:00
MOEX,EUR_RUB__TOM,62.235,62.255,62.2125,62.2375,8967000,558034192,2022-11-14 10:20:00+00:00
MOEX,EUR_RUB__TOM,62.245,62.25,62.1425,62.15,10951000,681017955,2022-11-14 10:30:00+00:00
MOEX,EUR_RUB__TOM,62.1525,62.2475,62.14,62.225,15275000,949592512,2022-11-14 10:40:00+00:00
MOEX,EUR_RUB__TOM,62.2425,62.2625,62.115,62.1425,12507000,777946007,2022-11-14 10:50:00+00:00
MOEX,EUR_RUB__TOM,62.13,62.135,61.905,62.005,21643000,1341851720,2022-11-14 11:00:00+00:00
MOEX,EUR_RUB__TOM,62.0,62.03,61.92,61.985,14134000,875960882,2022-11-14 11:10:00+00:00
MOEX,EUR_RUB__TOM,62.0,62.0075,61.8625,61.8675,8550000,529501280,2022-11-14 11:20:00+00:00
MOEX,EUR_RUB__TOM,61.8625,61.97,61.83,61.8775,11892000,735993977,2022-11-14 11:30:00+00:00
MOEX,EUR_RUB__TOM,61.8675,62.025,61.865,61.9975,15206000,942041035,2022-11-14 11:40:00+00:00
MOEX,EUR_RUB__TOM,62.01,62.065,61.955,62.015,17077000,1059125985,2022-11-14 11:50:00+00:00
MOEX,EUR_RUB__TOM,62.015,62.19,61.9875,62.13,17222000,1069368305,2022-11-14 12:00:00+00:00
MOEX,EUR_RUB__TOM,62.1275,62.1475,62.06,62.13,11088000,688578097,2022-11-14 12:10:00+00:00
MOEX,EUR_RUB__TOM,62.1375,62.225,62.11,62.2175,16392000,1019178760,2022-11-14 12:20:00+00:00
MOEX,EUR_RUB__TOM,62.22,62.3575,62.21,62.34,13587000,846272675,2022-11-14 12:30:00+00:00
MOEX,EUR_RUB__TOM,62.34,62.3475,62.095,62.2875,13128000,817436482,2022-11-14 12:40:00+00:00
MOEX,EUR_RUB__TOM,62.2925,62.34,62.25,62.3075,6496000,404751800,2022-11-14 12:50:00+00:00
MOEX,EUR_RUB__TOM,62.3075,62.315,62.26,62.2825,5993000,373320032,2022-11-14 13:00:00+00:00
MOEX,EUR_RUB__TOM,62.2825,62.35,62.255,62.3175,4705000,293142320,2022-11-14 13:10:00+00:00
MOEX,EUR_RUB__TOM,62.3125,62.34,62.3,62.335,3167000,197378005,2022-11-14 13:20:00+00:00
MOEX,EUR_RUB__TOM,62.325,62.35,62.325,62.34,3911000,243809465,2022-11-14 13:30:00+00:00
MOEX,EUR_RUB__TOM,62.3375,62.36,62.315,62.3375,2725000,169875817,2022-11-14 13:40:00+00:00
MOEX,EUR_RUB__TOM,62.335,62.35,62.2925,62.34,4144000,258280505,2022-11-14 13:50:00+00:00
MOEX,EUR_RUB__TOM,62.34,62.4,62.3325,62.345,7815000,487312037,2022-11-14 14:00:00+00:00
MOEX,EUR_RUB__TOM,62.355,62.4475,62.27,62.3975,15482000,965841622,2022-11-14 14:10:00+00:00
MOEX,EUR_RUB__TOM,62.4,62.41,62.3825,62.3825,651000,40624202,2022-11-14 14:20:00+00:00
MOEX,CNYRUB_TOM,8.507,8.507,8.507,8.507,6568000,55873976,2022-11-14 03:50:00+00:00
MOEX,CNYRUB_TOM,8.509,8.517,8.507,8.511,10357000,88147516,2022-11-14 04:00:00+00:00
MOEX,CNYRUB_TOM,8.511,8.528,8.511,8.525,12518000,106607516,2022-11-14 04:10:00+00:00
MOEX,CNYRUB_TOM,8.526,8.529,8.507,8.508,18790000,160089436,2022-11-14 04:20:00+00:00
MOEX,CNYRUB_TOM,8.509,8.526,8.508,8.524,13626000,116013156,2022-11-14 04:30:00+00:00
MOEX,CNYRUB_TOM,8.521,8.531,8.52,8.528,15654000,133496466,2022-11-14 04:40:00+00:00
MOEX,CNYRUB_TOM,8.527,8.542,8.523,8.54,8685000,74112504,2022-11-14 04:50:00+00:00
MOEX,CNYRUB_TOM,8.54,8.555,8.539,8.547,11889000,101595678,2022-11-14 05:00:00+00:00
MOEX,CNYRUB_TOM,8.547,8.555,8.545,8.549,6722000,57484310,2022-11-14 05:10:00+00:00
MOEX,CNYRUB_TOM,8.549,8.555,8.545,8.546,7403000,63296990,2022-11-14 05:20:00+00:00
MOEX,CNYRUB_TOM,8.547,8.55,8.546,8.547,4461000,38139169,2022-11-14 05:30:00+00:00
MOEX,CNYRUB_TOM,8.547,8.552,8.544,8.548,8692000,74304878,2022-11-14 05:40:00+00:00
MOEX,CNYRUB_TOM,8.547,8.55,8.543,8.55,11716000,100136033,2022-11-14 05:50:00+00:00
MOEX,CNYRUB_TOM,8.549,8.549,8.529,8.535,35200000,300455757,2022-11-14 06:00:00+00:00
MOEX,CNYRUB_TOM,8.533,8.542,8.53,8.541,20507000,175065936,2022-11-14 06:10:00+00:00
MOEX,CNYRUB_TOM,8.541,8.543,8.537,8.541,21907000,187100731,2022-11-14 06:20:00+00:00
MOEX,CNYRUB_TOM,8.54,8.546,8.539,8.545,27300000,233203502,2022-11-14 06:30:00+00:00
MOEX,CNYRUB_TOM,8.545,8.55,8.542,8.548,51438000,439684963,2022-11-14 06:40:00+00:00
MOEX,CNYRUB_TOM,8.548,8.555,8.544,8.549,116759000,998164208,2022-11-14 06:50:00+00:00
MOEX,CNYRUB_TOM,8.548,8.555,8.542,8.552,185212000,1583433414,2022-11-14 07:00:00+00:00
MOEX,CNYRUB_TOM,8.552,8.56,8.549,8.555,186923000,1599107989,2022-11-14 07:10:00+00:00
MOEX,CNYRUB_TOM,8.554,8.566,8.553,8.565,283270000,2424751584,2022-11-14 07:20:00+00:00
MOEX,CNYRUB_TOM,8.565,8.567,8.559,8.56,302039000,2586445978,2022-11-14 07:30:00+00:00
MOEX,CNYRUB_TOM,8.56,8.57,8.559,8.569,282667000,2420615590,2022-11-14 07:40:00+00:00
MOEX,CNYRUB_TOM,8.569,8.569,8.555,8.557,206246000,1766209632,2022-11-14 07:50:00+00:00
MOEX,CNYRUB_TOM,8.557,8.563,8.555,8.557,189868000,1625128578,2022-11-14 08:00:00+00:00
MOEX,CNYRUB_TOM,8.557,8.559,8.55,8.554,214942000,1838516547,2022-11-14 08:10:00+00:00
MOEX,CNYRUB_TOM,8.554,8.555,8.55,8.55,159286000,1362379731,2022-11-14 08:20:00+00:00
MOEX,CNYRUB_TOM,8.55,8.555,8.543,8.544,248962000,2128441956,2022-11-14 08:30:00+00:00
MOEX,CNYRUB_TOM,8.544,8.546,8.536,8.54,208796000,1783313520,2022-11-14 08:40:00+00:00
MOEX,CNYRUB_TOM,8.54,8.546,8.539,8.542,121822000,1040657358,2022-11-14 08:50:00+00:00
MOEX,CNYRUB_TOM,8.543,8.552,8.538,8.544,172883000,1477052756,2022-11-14 09:00:00+00:00
MOEX,CNYRUB_TOM,8.544,8.548,8.543,8.547,138266000,1181536684,2022-11-14 09:10:00+00:00
MOEX,CNYRUB_TOM,8.547,8.551,8.543,8.543,116855000,998572684,2022-11-14 09:20:00+00:00
MOEX,CNYRUB_TOM,8.543,8.552,8.54,8.542,181745000,1552933969,2022-11-14 09:30:00+00:00
MOEX,CNYRUB_TOM,8.541,8.545,8.531,8.531,161127000,1376014483,2022-11-14 09:40:00+00:00
MOEX,CNYRUB_TOM,8.531,8.533,8.522,8.528,213068000,1817189646,2022-11-14 09:50:00+00:00
MOEX,CNYRUB_TOM,8.528,8.53,8.526,8.527,166471000,1419777934,2022-11-14 10:00:00+00:00
MOEX,CNYRUB_TOM,8.527,8.527,8.517,8.523,124438000,1060627822,2022-11-14 10:10:00+00:00
MOEX,CNYRUB_TOM,8.523,8.528,8.523,8.525,112755000,961239809,2022-11-14 10:20:00+00:00
MOEX,CNYRUB_TOM,8.525,8.53,8.518,8.521,141280000,1204421480,2022-11-14 10:30:00+00:00
MOEX,CNYRUB_TOM,8.52,8.526,8.514,8.52,106024000,903208505,2022-11-14 10:40:00+00:00
MOEX,CNYRUB_TOM,8.52,8.522,8.505,8.505,117944000,1003951592,2022-11-14 10:50:00+00:00
MOEX,CNYRUB_TOM,8.507,8.509,8.5,8.507,113185000,962623429,2022-11-14 11:00:00+00:00
MOEX,CNYRUB_TOM,8.508,8.51,8.502,8.509,78374000,666740459,2022-11-14 11:10:00+00:00
MOEX,CNYRUB_TOM,8.509,8.516,8.509,8.514,112609000,958594106,2022-11-14 11:20:00+00:00
MOEX,CNYRUB_TOM,8.514,8.522,8.514,8.521,116786000,994774420,2022-11-14 11:30:00+00:00
MOEX,CNYRUB_TOM,8.52,8.538,8.52,8.538,143064000,1220447880,2022-11-14 11:40:00+00:00
MOEX,CNYRUB_TOM,8.537,8.542,8.536,8.541,233230000,1991546541,2022-11-14 11:50:00+00:00
MOEX,CNYRUB_TOM,8.542,8.543,8.537,8.54,135454000,1156825457,2022-11-14 12:00:00+00:00
MOEX,CNYRUB_TOM,8.539,8.541,8.536,8.539,56763000,484618314,2022-11-14 12:10:00+00:00
MOEX,CNYRUB_TOM,8.539,8.541,8.538,8.541,70546000,602441366,2022-11-14 12:20:00+00:00
MOEX,CNYRUB_TOM,8.541,8.545,8.541,8.545,45243000,386541518,2022-11-14 12:30:00+00:00
MOEX,CNYRUB_TOM,8.544,8.545,8.529,8.534,55053000,470013209,2022-11-14 12:40:00+00:00
MOEX,CNYRUB_TOM,8.534,8.545,8.53,8.543,136336000,1164398515,2022-11-14 12:50:00+00:00
MOEX,CNYRUB_TOM,8.543,8.544,8.539,8.54,20533000,175400841,2022-11-14 13:00:00+00:00
MOEX,CNYRUB_TOM,8.54,8.544,8.54,8.541,25285000,215989006,2022-11-14 13:10:00+00:00
MOEX,CNYRUB_TOM,8.54,8.542,8.538,8.54,46223000,394753792,2022-11-14 13:20:00+00:00
MOEX,CNYRUB_TOM,8.54,8.54,8.538,8.54,92565000,790487426,2022-11-14 13:30:00+00:00
MOEX,CNYRUB_TOM,8.539,8.544,8.539,8.541,86852000,741815938,2022-11-14 13:40:00+00:00
MOEX,CNYRUB_TOM,8.54,8.541,8.536,8.537,29145000,248883729,2022-11-14 13:50:00+00:00
MOEX,CNYRUB_TOM,8.538,8.544,8.537,8.544,53340000,455680118,2022-11-14 14:00:00+00:00
MOEX,CNYRUB_TOM,8.544,8.544,8.542,8.543,52607000,449465261,2022-11-14 14:10:00+00:00
MOEX,CNYRUB_TOM,8.544,8.544,8.539,8.54,66476000,567905198,2022-11-14 14:20:00+00:00
MOEX,USDCNY_TOM,7.0555,7.08999,7.0555,7.08999,109000,772600,2022-11-14 04:00:00+00:00
MOEX,USDCNY_TOM,7.08999,7.09,7.0801,7.08989,1141000,8085604,2022-11-14 04:10:00+00:00
MOEX,USDCNY_TOM,7.08995,7.08996,7.07999,7.08569,2450000,17355359,2022-11-14 04:20:00+00:00
MOEX,USDCNY_TOM,7.08569,7.0857,7.0767,7.0767,1926000,13637316,2022-11-14 04:30:00+00:00
MOEX,USDCNY_TOM,7.07709,7.081,7.07709,7.0789,1877000,13286597,2022-11-14 04:40:00+00:00
MOEX,USDCNY_TOM,7.0809,7.0825,7.0781,7.0817,854000,6046839,2022-11-14 04:50:00+00:00
MOEX,USDCNY_TOM,7.0873,7.0873,7.0837,7.0837,732000,5186300,2022-11-14 05:00:00+00:00
MOEX,USDCNY_TOM,7.0837,7.08825,7.08335,7.08335,514000,3642376,2022-11-14 05:10:00+00:00
MOEX,USDCNY_TOM,7.0857,7.0857,7.0847,7.0857,492000,3486156,2022-11-14 05:20:00+00:00
MOEX,USDCNY_TOM,7.0957,7.0957,7.0925,7.0925,550000,3900996,2022-11-14 05:30:00+00:00
MOEX,USDCNY_TOM,7.0897,7.0936,7.0877,7.0877,971000,6883961,2022-11-14 05:40:00+00:00
MOEX,USDCNY_TOM,7.0877,7.0877,7.0787,7.0787,1405000,9948842,2022-11-14 05:50:00+00:00
MOEX,USDCNY_TOM,7.0787,7.0855,7.0787,7.0822,2783000,19707017,2022-11-14 06:00:00+00:00
MOEX,USDCNY_TOM,7.0822,7.0875,7.0779,7.0807,2014000,14264154,2022-11-14 06:10:00+00:00
MOEX,USDCNY_TOM,7.08002,7.0827,7.078,7.078,3247000,22990904,2022-11-14 06:20:00+00:00
MOEX,USDCNY_TOM,7.078,7.08,7.065,7.0767,4787000,33863807,2022-11-14 06:30:00+00:00
MOEX,USDCNY_TOM,7.07428,7.07428,7.06119,7.07126,8474000,59886987,2022-11-14 06:40:00+00:00
MOEX,USDCNY_TOM,7.07125,7.07666,7.05602,7.07,16300000,115171774,2022-11-14 06:50:00+00:00
MOEX,USDCNY_TOM,7.07,7.077,7.06007,7.06984,17222000,121835951,2022-11-14 07:00:00+00:00
MOEX,USDCNY_TOM,7.07689,7.0769,7.05511,7.06984,17030000,120410631,2022-11-14 07:10:00+00:00
MOEX,USDCNY_TOM,7.0699,7.0699,7.0475,7.06204,31546000,222833676,2022-11-14 07:20:00+00:00
MOEX,USDCNY_TOM,7.06161,7.065,7.05101,7.05101,12949000,91383650,2022-11-14 07:30:00+00:00
MOEX,USDCNY_TOM,7.05617,7.05889,7.04,7.04959,63325000,446342375,2022-11-14 07:40:00+00:00
MOEX,USDCNY_TOM,7.05205,7.06093,7.048,7.048,17206000,121370969,2022-11-14 07:50:00+00:00
MOEX,USDCNY_TOM,7.05499,7.055,7.051,7.05498,7363000,51930277,2022-11-14 08:00:00+00:00
MOEX,USDCNY_TOM,7.05205,7.05331,7.04301,7.04986,13850000,97625534,2022-11-14 08:10:00+00:00
MOEX,USDCNY_TOM,7.04986,7.05,7.035,7.046,22336000,157260219,2022-11-14 08:20:00+00:00
MOEX,USDCNY_TOM,7.04886,7.05,7.0385,7.0492,27423000,193135487,2022-11-14 08:30:00+00:00
MOEX,USDCNY_TOM,7.0505,7.05557,7.05,7.055,7453000,52571141,2022-11-14 08:40:00+00:00
MOEX,USDCNY_TOM,7.055,7.05699,7.05,7.0569,6969000,49167701,2022-11-14 08:50:00+00:00
MOEX,USDCNY_TOM,7.0569,7.06,7.045,7.05598,30265000,213334016,2022-11-14 09:00:00+00:00
MOEX,USDCNY_TOM,7.0552,7.05918,7.05455,7.05918,379000,2674534,2022-11-14 09:10:00+00:00
MOEX,USDCNY_TOM,7.05919,7.07,7.05918,7.07,3408000,24076787,2022-11-14 09:20:00+00:00
MOEX,USDCNY_TOM,7.07,7.07439,7.0688,7.07347,15569000,110074548,2022-11-14 09:30:00+00:00
MOEX,USDCNY_TOM,7.07321,7.079,7.07105,7.07105,3748000,26519920,2022-11-14 09:40:00+00:00
MOEX,USDCNY_TOM,7.07469,7.07866,7.06735,7.07443,2274000,16080622,2022-11-14 09:50:00+00:00
MOEX,USDCNY_TOM,7.07637,7.07761,7.072,7.07659,892000,6311403,2022-11-14 10:00:00+00:00
MOEX,USDCNY_TOM,7.0785,7.08439,7.0785,7.08182,1917000,13573702,2022-11-14 10:10:00+00:00
MOEX,USDCNY_TOM,7.08377,7.08402,7.08,7.084,1121000,7939482,2022-11-14 10:20:00+00:00
MOEX,USDCNY_TOM,7.08399,7.085,7.07744,7.081,1085000,7683701,2022-11-14 10:30:00+00:00
MOEX,USDCNY_TOM,7.081,7.08999,7.07787,7.08999,3217000,22794407,2022-11-14 10:40:00+00:00
MOEX,USDCNY_TOM,7.08999,7.09687,7.08999,7.09378,1586000,11245999,2022-11-14 10:50:00+00:00
MOEX,USDCNY_TOM,7.09398,7.095,7.086,7.09468,3641000,25818095,2022-11-14 11:00:00+00:00
MOEX,USDCNY_TOM,7.0961,7.09782,7.083,7.09621,5753000,40774053,2022-11-14 11:10:00+00:00
MOEX,USDCNY_TOM,7.08805,7.09084,7.084,7.08777,2474000,17531039,2022-11-14 11:20:00+00:00
MOEX,USDCNY_TOM,7.08739,7.08989,7.084,7.084,1204000,8531751,2022-11-14 11:30:00+00:00
MOEX,USDCNY_TOM,7.08287,7.089,7.08287,7.08419,3563000,25248801,2022-11-14 11:40:00+00:00
MOEX,USDCNY_TOM,7.0822,7.09143,7.0822,7.09141,760000,5387007,2022-11-14 11:50:00+00:00
MOEX,USDCNY_TOM,7.09107,7.09775,7.087,7.09401,6669000,47294272,2022-11-14 12:00:00+00:00
MOEX,USDCNY_TOM,7.09597,7.09847,7.092,7.092,1149000,8150896,2022-11-14 12:10:00+00:00
MOEX,USDCNY_TOM,7.09701,7.10548,7.09701,7.10094,2441000,17333326,2022-11-14 12:20:00+00:00
MOEX,USDCNY_TOM,7.1,7.10038,7.097,7.09903,1454000,10321901,2022-11-14 12:30:00+00:00
MOEX,USDCNY_TOM,7.09769,7.09769,7.08528,7.08708,611000,4331900,2022-11-14 12:40:00+00:00
MOEX,USDCNY_TOM,7.08926,7.09026,7.07325,7.07325,19591000,138705417,2022-11-14 12:50:00+00:00
MOEX,USDCNY_TOM,7.07873,7.0846,7.07764,7.0846,611000,4325633,2022-11-14 13:00:00+00:00
MOEX,USDCNY_TOM,7.08459,7.08459,7.08459,7.08459,1000,7084,2022-11-14 13:10:00+00:00
MOEX,USDCNY_TOM,7.0818,7.09197,7.072,7.08435,6971000,49360647,2022-11-14 13:20:00+00:00
MOEX,USDCNY_TOM,7.08812,7.0949,7.08812,7.0949,3595000,25496910,2022-11-14 13:30:00+00:00
MOEX,USDCNY_TOM,7.09437,7.09437,7.08,7.09432,9552000,67696061,2022-11-14 13:40:00+00:00
MOEX,USDCNY_TOM,7.08517,7.08517,7.0819,7.08328,158000,1119185,2022-11-14 13:50:00+00:00
MOEX,USDCNY_TOM,7.08657,7.08813,7.07716,7.08606,1881000,13324148,2022-11-14 14:00:00+00:00
MOEX,USDCNY_TOM,7.08586,7.08747,7.076,7.0853,4193000,29689878,2022-11-14 14:10:00+00:00
MOEX,USDCNY_TOM,7.08269,7.08733,7.08269,7.08568,1117000,7915682,2022-11-14 14:20:00+00:00
MOEX,KZTRUB_TOM,13.15,13.15,13.15,13.15,90000,11835,2022-11-14 03:50:00+00:00
MOEX,KZTRUB_TOM,13.15,13.16,13.15,13.15,1300000,170994,2022-11-14 04:00:00+00:00
MOEX,KZTRUB_TOM,13.1475,13.1475,13.1475,13.1475,2280000,299763,2022-11-14 04:10:00+00:00
MOEX,KZTRUB_TOM,13.145,13.145,13.115,13.14,30000,3940,2022-11-14 04:20:00+00:00
MOEX,KZTRUB_TOM,13.1275,13.1425,13.115,13.1425,107560000,14122439,2022-11-14 04:30:00+00:00
MOEX,KZTRUB_TOM,13.1225,13.14,13.1225,13.14,5320000,698293,2022-11-14 04:40:00+00:00
MOEX,KZTRUB_TOM,13.145,13.1475,13.1225,13.1225,11550000,1518469,2022-11-14 04:50:00+00:00
MOEX,KZTRUB_TOM,13.1475,13.15,13.1225,13.1225,20900000,2748222,2022-11-14 05:00:00+00:00
MOEX,KZTRUB_TOM,13.15,13.15,13.15,13.15,40000,5260,2022-11-14 05:10:00+00:00
MOEX,KZTRUB_TOM,13.15,13.15,13.15,13.15,10740000,1412310,2022-11-14 05:20:00+00:00
MOEX,KZTRUB_TOM,13.15,13.1525,13.15,13.1525,540000,71011,2022-11-14 05:30:00+00:00
MOEX,KZTRUB_TOM,13.1525,13.1525,13.15,13.1525,2130000,280147,2022-11-14 05:40:00+00:00
MOEX,KZTRUB_TOM,13.155,13.17,13.155,13.16,111320000,14650154,2022-11-14 05:50:00+00:00
MOEX,KZTRUB_TOM,13.165,13.17,13.16,13.165,4640000,610848,2022-11-14 06:00:00+00:00
MOEX,KZTRUB_TOM,13.17,13.17,13.165,13.165,520000,68471,2022-11-14 06:10:00+00:00
MOEX,KZTRUB_TOM,13.1675,13.1675,13.1675,13.1675,530000,69787,2022-11-14 06:20:00+00:00
MOEX,KZTRUB_TOM,13.1675,13.17,13.1625,13.1625,1550000,204092,2022-11-14 06:30:00+00:00
MOEX,KZTRUB_TOM,13.17,13.17,13.16,13.16,54320000,7148944,2022-11-14 06:40:00+00:00
MOEX,KZTRUB_TOM,13.155,13.16,13.155,13.16,2120000,278986,2022-11-14 06:50:00+00:00
MOEX,KZTRUB_TOM,13.16,13.175,13.16,13.16,196530000,25863771,2022-11-14 07:00:00+00:00
MOEX,KZTRUB_TOM,13.17,13.17,13.1675,13.17,300500000,39575837,2022-11-14 07:10:00+00:00
MOEX,KZTRUB_TOM,13.175,13.18,13.17,13.17,11830000,1558499,2022-11-14 07:20:00+00:00
MOEX,KZTRUB_TOM,13.1675,13.18,13.1675,13.175,36310000,4784494,2022-11-14 07:30:00+00:00
MOEX,KZTRUB_TOM,13.18,13.18,13.175,13.18,70150000,9245731,2022-11-14 07:40:00+00:00
MOEX,KZTRUB_TOM,13.18,13.18,13.1775,13.18,16490000,2173314,2022-11-14 07:50:00+00:00
MOEX,KZTRUB_TOM,13.1775,13.18,13.1575,13.1575,214000000,28169442,2022-11-14 08:00:00+00:00
MOEX,KZTRUB_TOM,13.16,13.16,13.13,13.15,104670000,13774169,2022-11-14 08:10:00+00:00
MOEX,KZTRUB_TOM,13.15,13.1775,13.12,13.12,688380000,90510718,2022-11-14 08:20:00+00:00
MOEX,KZTRUB_TOM,13.14,13.15,13.13,13.13,697810000,91731818,2022-11-14 08:30:00+00:00
MOEX,KZTRUB_TOM,13.125,13.14,13.12,13.13,474620000,62323225,2022-11-14 08:40:00+00:00
MOEX,KZTRUB_TOM,13.12,13.1675,13.1075,13.11,426540000,56017829,2022-11-14 08:50:00+00:00
MOEX,KZTRUB_TOM,13.1375,13.1375,13.11,13.11,104940000,13774359,2022-11-14 09:00:00+00:00
MOEX,KZTRUB_TOM,13.1275,13.13,13.1,13.1025,285800000,37473281,2022-11-14 09:10:00+00:00
MOEX,KZTRUB_TOM,13.1275,13.13,13.1025,13.13,84010000,11028909,2022-11-14 09:20:00+00:00
MOEX,KZTRUB_TOM,13.13,13.13,13.1175,13.13,59290000,7783591,2022-11-14 09:30:00+00:00
MOEX,KZTRUB_TOM,13.12,13.13,13.1,13.1,324590000,42525863,2022-11-14 09:40:00+00:00
MOEX,KZTRUB_TOM,13.1,13.1,13.0975,13.1,301370000,39479449,2022-11-14 09:50:00+00:00
MOEX,KZTRUB_TOM,13.1,13.11,13.1,13.1,50180000,6577428,2022-11-14 10:00:00+00:00
MOEX,KZTRUB_TOM,13.105,13.105,13.0925,13.0925,60770000,7962724,2022-11-14 10:10:00+00:00
MOEX,KZTRUB_TOM,13.0975,13.0975,13.0975,13.0975,10000,1309,2022-11-14 10:20:00+00:00
MOEX,KZTRUB_TOM,13.105,13.105,13.105,13.105,19360000,2537128,2022-11-14 10:30:00+00:00
MOEX,KZTRUB_TOM,13.105,13.105,13.1,13.105,13710000,1796692,2022-11-14 10:40:00+00:00
MOEX,KZTRUB_TOM,13.105,13.135,13.1025,13.135,127380000,16704068,2022-11-14 10:50:00+00:00
MOEX,KZTRUB_TOM,13.135,13.135,13.1225,13.13,3340000,438455,2022-11-14 11:00:00+00:00
MOEX,KZTRUB_TOM,13.13,13.13,13.13,13.13,830000,108979,2022-11-14 11:10:00+00:00
MOEX,KZTRUB_TOM,13.13,13.13,13.1225,13.13,18280000,2400163,2022-11-14 11:20:00+00:00
MOEX,KZTRUB_TOM,13.135,13.14,13.135,13.14,20700000,2718958,2022-11-14 11:30:00+00:00
MOEX,KZTRUB_TOM,13.14,13.14,13.135,13.14,11520000,1513727,2022-11-14 11:40:00+00:00
MOEX,KZTRUB_TOM,13.1375,13.16,13.1375,13.16,18920000,2488574,2022-11-14 11:50:00+00:00
MOEX,KZTRUB_TOM,13.1575,13.1575,13.1575,13.1575,6460000,849974,2022-11-14 12:00:00+00:00
MOEX,KZTRUB_TOM,13.15,13.18,13.1425,13.165,88760000,11690262,2022-11-14 12:10:00+00:00
MOEX,KZTRUB_TOM,13.165,13.1975,13.165,13.17,44410000,5855129,2022-11-14 12:20:00+00:00
MOEX,KZTRUB_TOM,13.165,13.2075,13.1625,13.1625,29880000,3942393,2022-11-14 12:30:00+00:00
MOEX,KZTRUB_TOM,13.195,13.205,13.1725,13.205,9000000,1187956,2022-11-14 12:40:00+00:00
MOEX,KZTRUB_TOM,13.205,13.22,13.175,13.22,73950000,9770632,2022-11-14 12:50:00+00:00
MOEX,KZTRUB_TOM,13.2175,13.22,13.1725,13.2,112830000,14903096,2022-11-14 13:00:00+00:00
MOEX,KZTRUB_TOM,13.215,13.22,13.215,13.22,51050000,6747424,2022-11-14 13:10:00+00:00
MOEX,KZTRUB_TOM,13.22,13.22,13.1725,13.1725,13410000,1766639,2022-11-14 13:20:00+00:00
MOEX,KZTRUB_TOM,13.175,13.2125,13.1525,13.1525,38860000,5123877,2022-11-14 13:30:00+00:00
MOEX,KZTRUB_TOM,13.18,13.2125,13.18,13.185,60000,7918,2022-11-14 13:40:00+00:00
MOEX,KZTRUB_TOM,13.205,13.205,13.18,13.18,6540000,862884,2022-11-14 14:00:00+00:00
MOEX,KZTRUB_TOM,13.19,13.2025,13.1825,13.1825,71870000,9479866,2022-11-14 14:10:00+00:00
MOEX,KZTRUB_TOM,13.1825,13.205,13.1825,13.185,25540000,3369960,2022-11-14 14:20:00+00:00
MOEX,HKDRUB_TOM,7.8,7.8,7.8,7.8,1000,7800,2022-11-14 03:50:00+00:00
MOEX,HKDRUB_TOM,7.8298,7.8298,7.8,7.8099,49000,382775,2022-11-14 04:00:00+00:00
MOEX,HKDRUB_TOM,7.808,7.8099,7.7824,7.8098,143000,1116301,2022-11-14 04:10:00+00:00
MOEX,HKDRUB_TOM,7.7826,7.8086,7.7825,7.8083,71000,553668,2022-11-14 04:20:00+00:00
MOEX,HKDRUB_TOM,7.7833,7.8098,7.7833,7.7854,95000,740667,2022-11-14 04:30:00+00:00
MOEX,HKDRUB_TOM,7.8096,7.8099,7.7853,7.7901,99000,772450,2022-11-14 04:40:00+00:00
MOEX,HKDRUB_TOM,7.79,7.7998,7.79,7.79,79000,616145,2022-11-14 04:50:00+00:00
MOEX,HKDRUB_TOM,7.7999,7.8049,7.79,7.802,274000,2137039,2022-11-14 05:00:00+00:00
MOEX,HKDRUB_TOM,7.8,7.835,7.7901,7.8349,755000,5905107,2022-11-14 05:10:00+00:00
MOEX,HKDRUB_TOM,7.8311,7.8311,7.7904,7.8299,452000,3537100,2022-11-14 05:20:00+00:00
MOEX,HKDRUB_TOM,7.827,7.83,7.8,7.8199,262000,2047063,2022-11-14 05:30:00+00:00
MOEX,HKDRUB_TOM,7.81,7.8199,7.8021,7.8021,123000,961397,2022-11-14 05:40:00+00:00
MOEX,HKDRUB_TOM,7.8199,7.8249,7.8101,7.82,68000,531913,2022-11-14 05:50:00+00:00
MOEX,HKDRUB_TOM,7.82,7.82,7.7906,7.8198,750000,5854728,2022-11-14 06:00:00+00:00
MOEX,HKDRUB_TOM,7.8198,7.8198,7.8122,7.8149,156000,1219549,2022-11-14 06:10:00+00:00
MOEX,HKDRUB_TOM,7.8148,7.8196,7.8003,7.81,252000,1969981,2022-11-14 06:20:00+00:00
MOEX,HKDRUB_TOM,7.8194,7.8195,7.8003,7.8098,255000,1992274,2022-11-14 06:30:00+00:00
MOEX,HKDRUB_TOM,7.8098,7.8147,7.8,7.8147,179000,1398213,2022-11-14 06:40:00+00:00
MOEX,HKDRUB_TOM,7.8147,7.8149,7.805,7.8099,347000,2709445,2022-11-14 06:50:00+00:00
MOEX,HKDRUB_TOM,7.8099,7.81,7.7999,7.7999,1699000,13256587,2022-11-14 07:00:00+00:00
MOEX,HKDRUB_TOM,7.7999,7.8148,7.7929,7.7929,2359000,18402608,2022-11-14 07:10:00+00:00
MOEX,HKDRUB_TOM,7.7929,7.8,7.7911,7.7911,526000,4100352,2022-11-14 07:20:00+00:00
MOEX,HKDRUB_TOM,7.7979,7.8,7.7915,7.7998,382000,2979550,2022-11-14 07:30:00+00:00
MOEX,HKDRUB_TOM,7.7998,7.7998,7.7801,7.7802,1495000,11647799,2022-11-14 07:40:00+00:00
MOEX,HKDRUB_TOM,7.7899,7.79,7.7821,7.79,177000,1378413,2022-11-14 07:50:00+00:00
MOEX,HKDRUB_TOM,7.79,7.795,7.7831,7.7948,888000,6920834,2022-11-14 08:00:00+00:00
MOEX,HKDRUB_TOM,7.7948,7.795,7.79,7.795,607000,4731508,2022-11-14 08:10:00+00:00
MOEX,HKDRUB_TOM,7.795,7.795,7.79,7.79,257000,2003046,2022-11-14 08:20:00+00:00
MOEX,HKDRUB_TOM,7.79,7.795,7.7822,7.7949,301000,2345579,2022-11-14 08:30:00+00:00
MOEX,HKDRUB_TOM,7.7949,7.795,7.7851,7.7853,219000,1705980,2022-11-14 08:40:00+00:00
MOEX,HKDRUB_TOM,7.7949,7.795,7.7853,7.795,216000,1683156,2022-11-14 08:50:00+00:00
MOEX,HKDRUB_TOM,7.795,7.795,7.7901,7.7901,252000,1964209,2022-11-14 09:00:00+00:00
MOEX,HKDRUB_TOM,7.7902,7.794,7.7856,7.79,1321000,10294025,2022-11-14 09:10:00+00:00
MOEX,HKDRUB_TOM,7.79,7.7901,7.7861,7.7901,186000,1448873,2022-11-14 09:20:00+00:00
MOEX,HKDRUB_TOM,7.7871,7.7901,7.7871,7.7901,179000,1394141,2022-11-14 09:30:00+00:00
MOEX,HKDRUB_TOM,7.7901,7.7945,7.79,7.7945,238000,1854445,2022-11-14 09:40:00+00:00
MOEX,HKDRUB_TOM,7.7945,7.7998,7.79,7.7998,174000,1356337,2022-11-14 09:50:00+00:00
MOEX,HKDRUB_TOM,7.7998,7.8049,7.7898,7.8049,84000,655194,2022-11-14 10:00:00+00:00
MOEX,HKDRUB_TOM,7.8049,7.805,7.7877,7.8049,106000,826287,2022-11-14 10:10:00+00:00
MOEX,HKDRUB_TOM,7.8049,7.81,7.7901,7.8099,248000,1936054,2022-11-14 10:20:00+00:00
MOEX,HKDRUB_TOM,7.8099,7.8099,7.8,7.8099,131000,1022963,2022-11-14 10:30:00+00:00
MOEX,HKDRUB_TOM,7.8099,7.8099,7.7907,7.805,514000,4009109,2022-11-14 10:40:00+00:00
MOEX,HKDRUB_TOM,7.8049,7.805,7.7909,7.8048,1140000,8897556,2022-11-14 10:50:00+00:00
MOEX,HKDRUB_TOM,7.8048,7.805,7.804,7.805,3161000,24671555,2022-11-14 11:00:00+00:00
MOEX,HKDRUB_TOM,7.805,7.805,7.7915,7.805,8632000,67371019,2022-11-14 11:10:00+00:00
MOEX,HKDRUB_TOM,7.805,7.805,7.7921,7.805,3583000,27963601,2022-11-14 11:20:00+00:00
MOEX,HKDRUB_TOM,7.805,7.805,7.7921,7.8049,185000,1443812,2022-11-14 11:30:00+00:00
MOEX,HKDRUB_TOM,7.8049,7.809,7.7931,7.809,358000,2794310,2022-11-14 11:40:00+00:00
MOEX,HKDRUB_TOM,7.809,7.8149,7.8004,7.8149,126000,984027,2022-11-14 11:50:00+00:00
MOEX,HKDRUB_TOM,7.8149,7.8149,7.8128,7.8149,138000,1078446,2022-11-14 12:00:00+00:00
MOEX,HKDRUB_TOM,7.8149,7.8149,7.8148,7.8149,343000,2680509,2022-11-14 12:10:00+00:00
MOEX,HKDRUB_TOM,7.8149,7.8197,7.8128,7.8197,65000,508032,2022-11-14 12:20:00+00:00
MOEX,HKDRUB_TOM,7.8197,7.8198,7.8128,7.8131,25000,195418,2022-11-14 12:30:00+00:00
MOEX,HKDRUB_TOM,7.8198,7.8199,7.8131,7.8196,235000,1837089,2022-11-14 12:40:00+00:00
MOEX,HKDRUB_TOM,7.8195,7.8195,7.7951,7.7999,577000,4503831,2022-11-14 12:50:00+00:00
MOEX,HKDRUB_TOM,7.798,7.7999,7.798,7.7999,44000,343185,2022-11-14 13:00:00+00:00
MOEX,HKDRUB_TOM,7.7999,7.8,7.7954,7.7999,74000,577141,2022-11-14 13:10:00+00:00
MOEX,HKDRUB_TOM,7.7999,7.7999,7.7879,7.7899,468000,3647447,2022-11-14 13:20:00+00:00
MOEX,HKDRUB_TOM,7.7899,7.79,7.7899,7.79,288000,2243501,2022-11-14 13:30:00+00:00
MOEX,HKDRUB_TOM,7.79,7.79,7.7819,7.7899,579000,4508566,2022-11-14 13:40:00+00:00
MOEX,HKDRUB_TOM,7.7899,7.7899,7.781,7.7897,84000,654185,2022-11-14 13:50:00+00:00
MOEX,HKDRUB_TOM,7.7897,7.79,7.7812,7.7899,72000,560822,2022-11-14 14:00:00+00:00
MOEX,HKDRUB_TOM,7.7899,7.79,7.7812,7.79,137000,1067121,2022-11-14 14:10:00+00:00
MOEX,HKDRUB_TOM,7.79,7.79,7.7821,7.79,271000,2110047,2022-11-14 14:20:00+00:00
MOEX,TRYRUB_TOM,3.27,3.28,3.27,3.28,5000,16385,2022-11-14 04:00:00+00:00
MOEX,TRYRUB_TOM,3.2628,3.2628,3.2481,3.2481,11000,35774,2022-11-14 04:20:00+00:00
MOEX,TRYRUB_TOM,3.2749,3.2749,3.2749,3.2749,1000,3274,2022-11-14 04:50:00+00:00
MOEX,TRYRUB_TOM,3.2501,3.2501,3.2501,3.2501,32000,104003,2022-11-14 05:00:00+00:00
MOEX,TRYRUB_TOM,3.2502,3.2502,3.2501,3.2501,62000,201512,2022-11-14 05:10:00+00:00
MOEX,TRYRUB_TOM,3.2485,3.2699,3.2481,3.2502,201000,655241,2022-11-14 05:20:00+00:00
MOEX,TRYRUB_TOM,3.2513,3.2513,3.2513,3.2513,1000,3251,2022-11-14 05:40:00+00:00
MOEX,TRYRUB_TOM,3.2689,3.2689,3.265,3.265,66000,215589,2022-11-14 06:00:00+00:00
MOEX,TRYRUB_TOM,3.265,3.265,3.265,3.265,5000,16325,2022-11-14 06:20:00+00:00
MOEX,TRYRUB_TOM,3.2645,3.2649,3.2645,3.2649,10000,32645,2022-11-14 06:40:00+00:00
MOEX,TRYRUB_TOM,3.2642,3.2642,3.2642,3.2642,9000,29377,2022-11-14 06:50:00+00:00
MOEX,TRYRUB_TOM,3.2642,3.2642,3.26,3.26,39000,127219,2022-11-14 07:00:00+00:00
MOEX,TRYRUB_TOM,3.26,3.2622,3.26,3.2622,40000,130444,2022-11-14 07:10:00+00:00
MOEX,TRYRUB_TOM,3.26,3.26,3.26,3.26,1000,3260,2022-11-14 07:20:00+00:00
MOEX,TRYRUB_TOM,3.26,3.2622,3.25,3.25,1877000,6104181,2022-11-14 07:30:00+00:00
MOEX,TRYRUB_TOM,3.25,3.25,3.25,3.25,4000,13000,2022-11-14 07:40:00+00:00
MOEX,TRYRUB_TOM,3.25,3.25,3.22,3.22,1693000,5479957,2022-11-14 07:50:00+00:00
MOEX,TRYRUB_TOM,3.2601,3.2601,3.2377,3.2377,165000,537829,2022-11-14 08:00:00+00:00
MOEX,TRYRUB_TOM,3.2499,3.2499,3.2487,3.2487,11000,35747,2022-11-14 08:10:00+00:00
MOEX,TRYRUB_TOM,3.2481,3.2481,3.2251,3.2295,55000,177522,2022-11-14 08:20:00+00:00
MOEX,TRYRUB_TOM,3.2321,3.2476,3.2262,3.2262,186000,600752,2022-11-14 08:30:00+00:00
MOEX,TRYRUB_TOM,3.2436,3.2436,3.2436,3.2436,2000,6487,2022-11-14 08:40:00+00:00
MOEX,TRYRUB_TOM,3.2436,3.2596,3.2322,3.2585,1208000,3930549,2022-11-14 08:50:00+00:00
MOEX,TRYRUB_TOM,3.2549,3.2549,3.2549,3.2549,5000,16274,2022-11-14 09:00:00+00:00
MOEX,TRYRUB_TOM,3.2501,3.2542,3.25,3.2542,747000,2427764,2022-11-14 09:10:00+00:00
MOEX,TRYRUB_TOM,3.2501,3.2501,3.2501,3.2501,15000,48751,2022-11-14 09:20:00+00:00
MOEX,TRYRUB_TOM,3.2535,3.2549,3.2501,3.2549,457000,1487324,2022-11-14 09:30:00+00:00
MOEX,TRYRUB_TOM,3.2549,3.2549,3.2501,3.2501,23000,74771,2022-11-14 09:40:00+00:00
MOEX,TRYRUB_TOM,3.2549,3.2549,3.2501,3.2501,26000,84579,2022-11-14 09:50:00+00:00
MOEX,TRYRUB_TOM,3.2549,3.2549,3.2549,3.2549,25000,81372,2022-11-14 10:00:00+00:00
MOEX,TRYRUB_TOM,3.253,3.253,3.2501,3.2501,3000,9753,2022-11-14 10:10:00+00:00
MOEX,TRYRUB_TOM,3.2549,3.2565,3.248,3.248,405000,1316731,2022-11-14 10:20:00+00:00
MOEX,TRYRUB_TOM,3.2501,3.2501,3.2501,3.2501,20000,65002,2022-11-14 10:50:00+00:00
MOEX,TRYRUB_TOM,3.2549,3.2549,3.2549,3.2549,14000,45568,2022-11-14 11:00:00+00:00
MOEX,TRYRUB_TOM,3.2549,3.2549,3.2481,3.2481,56000,182254,2022-11-14 11:10:00+00:00
MOEX,TRYRUB_TOM,3.2549,3.255,3.2549,3.255,126000,410121,2022-11-14 11:20:00+00:00
MOEX,TRYRUB_TOM,3.255,3.2649,3.2501,3.2649,10093000,32907796,2022-11-14 12:00:00+00:00
MOEX,TRYRUB_TOM,3.2635,3.2635,3.251,3.251,6000,19568,2022-11-14 12:10:00+00:00
MOEX,TRYRUB_TOM,3.264,3.264,3.26,3.26,1217000,3967460,2022-11-14 12:20:00+00:00
MOEX,TRYRUB_TOM,3.26,3.2649,3.251,3.2649,1422000,4641640,2022-11-14 12:30:00+00:00
MOEX,TRYRUB_TOM,3.2639,3.2649,3.25,3.25,2115000,6891004,2022-11-14 12:50:00+00:00
MOEX,TRYRUB_TOM,3.25,3.25,3.25,3.25,11000,35750,2022-11-14 13:00:00+00:00
MOEX,TRYRUB_TOM,3.25,3.25,3.25,3.25,1000,3250,2022-11-14 13:10:00+00:00
MOEX,TRYRUB_TOM,3.25,3.25,3.2402,3.25,24000,77980,2022-11-14 13:20:00+00:00
MOEX,TRYRUB_TOM,3.25,3.25,3.25,3.25,394000,1280500,2022-11-14 13:30:00+00:00
MOEX,TRYRUB_TOM,3.2404,3.25,3.2404,3.25,2000,6490,2022-11-14 13:40:00+00:00
MOEX,TRYRUB_TOM,3.2419,3.2497,3.2403,3.2497,16000,51915,2022-11-14 14:10:00+00:00
MOEX,TRYRUB_TOM,3.2497,3.25,3.2403,3.2495,299000,971669,2022-11-14 14:20:00+00:00
MOEX,EURUSD000TOM,1.02989,1.02989,1.02968,1.02968,100000,102978,2022-11-14 04:00:00+00:00
MOEX,EURUSD000TOM,1.03311,1.03311,1.02923,1.02923,151000,155424,2022-11-14 04:10:00+00:00
MOEX,EURUSD000TOM,1.03138,1.03138,1.03138,1.03138,1000,1031,2022-11-14 04:20:00+00:00
MOEX,EURUSD000TOM,1.02852,1.02858,1.02852,1.02858,468000,481364,2022-11-14 04:40:00+00:00
MOEX,EURUSD000TOM,1.02874,1.02874,1.02874,1.02874,55000,56580,2022-11-14 05:00:00+00:00
MOEX,EURUSD000TOM,1.02848,1.02863,1.02848,1.02863,101000,103883,2022-11-14 05:10:00+00:00
MOEX,EURUSD000TOM,1.02799,1.02799,1.02799,1.02799,48000,49343,2022-11-14 05:40:00+00:00
MOEX,EURUSD000TOM,1.02779,1.02857,1.02779,1.02857,100000,102818,2022-11-14 06:00:00+00:00
MOEX,EURUSD000TOM,1.02899,1.0296,1.02899,1.0296,425000,437382,2022-11-14 06:30:00+00:00
MOEX,EURUSD000TOM,1.0296,1.03,1.02959,1.03,160000,164755,2022-11-14 06:40:00+00:00
MOEX,EURUSD000TOM,1.0303,1.03049,1.0303,1.03049,53000,54607,2022-11-14 06:50:00+00:00
MOEX,EURUSD000TOM,1.03018,1.03038,1.02779,1.02801,2111000,2172429,2022-11-14 07:00:00+00:00
MOEX,EURUSD000TOM,1.02801,1.02814,1.02715,1.028,7416000,7622959,2022-11-14 07:10:00+00:00
MOEX,EURUSD000TOM,1.028,1.02876,1.02758,1.028,3838000,3945564,2022-11-14 07:20:00+00:00
MOEX,EURUSD000TOM,1.02809,1.02926,1.02809,1.02923,1901000,1955798,2022-11-14 07:30:00+00:00
MOEX,EURUSD000TOM,1.02923,1.03,1.029,1.03,1818000,1871196,2022-11-14 07:40:00+00:00
MOEX,EURUSD000TOM,1.02936,1.03032,1.029,1.03,2993000,3081813,2022-11-14 07:50:00+00:00
MOEX,EURUSD000TOM,1.02983,1.03066,1.02948,1.02965,684000,704577,2022-11-14 08:00:00+00:00
MOEX,EURUSD000TOM,1.03037,1.033,1.03037,1.03138,2277000,2349411,2022-11-14 08:10:00+00:00
MOEX,EURUSD000TOM,1.03153,1.03189,1.03095,1.03167,1803000,1860233,2022-11-14 08:20:00+00:00
MOEX,EURUSD000TOM,1.03177,1.032,1.03104,1.03104,1419000,1464002,2022-11-14 08:30:00+00:00
MOEX,EURUSD000TOM,1.03118,1.03247,1.03118,1.03235,4276000,4411049,2022-11-14 08:40:00+00:00
MOEX,EURUSD000TOM,1.03246,1.0325,1.032,1.0322,870000,898206,2022-11-14 08:50:00+00:00
MOEX,EURUSD000TOM,1.0319,1.03213,1.03107,1.03107,5577000,5754819,2022-11-14 09:00:00+00:00
MOEX,EURUSD000TOM,1.03126,1.03129,1.0312,1.0312,1444000,1489072,2022-11-14 09:10:00+00:00
MOEX,EURUSD000TOM,1.0312,1.0312,1.02962,1.03025,868000,894250,2022-11-14 09:20:00+00:00
MOEX,EURUSD000TOM,1.03001,1.03076,1.03,1.0302,1299000,1338241,2022-11-14 09:30:00+00:00
MOEX,EURUSD000TOM,1.0302,1.03052,1.03,1.03042,1163000,1198028,2022-11-14 09:40:00+00:00
MOEX,EURUSD000TOM,1.03034,1.03133,1.03012,1.031,890000,917450,2022-11-14 09:50:00+00:00
MOEX,EURUSD000TOM,1.031,1.03221,1.031,1.03185,5939000,6126716,2022-11-14 10:00:00+00:00
MOEX,EURUSD000TOM,1.03175,1.03196,1.0306,1.03099,1653000,1704231,2022-11-14 10:10:00+00:00
MOEX,EURUSD000TOM,1.03073,1.03073,1.0306,1.0306,3812000,3928656,2022-11-14 10:20:00+00:00
MOEX,EURUSD000TOM,1.0306,1.0306,1.03,1.03,6519000,6718193,2022-11-14 10:30:00+00:00
MOEX,EURUSD000TOM,1.0301,1.03021,1.0292,1.02999,3284000,3381148,2022-11-14 10:40:00+00:00
MOEX,EURUSD000TOM,1.02994,1.0305,1.02957,1.02978,1596000,1644180,2022-11-14 10:50:00+00:00
MOEX,EURUSD000TOM,1.02923,1.02927,1.02652,1.02763,6376000,6551479,2022-11-14 11:00:00+00:00
MOEX,EURUSD000TOM,1.02729,1.0278,1.02648,1.02768,3670000,3768473,2022-11-14 11:10:00+00:00
MOEX,EURUSD000TOM,1.02722,1.02722,1.02583,1.02694,1235000,1267893,2022-11-14 11:20:00+00:00
MOEX,EURUSD000TOM,1.02513,1.02657,1.025,1.02552,4130000,4234911,2022-11-14 11:30:00+00:00
MOEX,EURUSD000TOM,1.0256,1.026,1.02481,1.026,2167000,2222161,2022-11-14 11:40:00+00:00
MOEX,EURUSD000TOM,1.02533,1.02585,1.0242,1.0242,2953000,3026523,2022-11-14 11:50:00+00:00
MOEX,EURUSD000TOM,1.02404,1.0272,1.02394,1.0255,5309000,5445656,2022-11-14 12:00:00+00:00
MOEX,EURUSD000TOM,1.0255,1.02669,1.02442,1.02522,3153000,3233244,2022-11-14 12:10:00+00:00
MOEX,EURUSD000TOM,1.02534,1.02566,1.02452,1.02566,2634000,2699567,2022-11-14 12:20:00+00:00
MOEX,EURUSD000TOM,1.02593,1.028,1.02582,1.0279,2079000,2135237,2022-11-14 12:30:00+00:00
MOEX,EURUSD000TOM,1.02795,1.02983,1.02774,1.02983,3440000,3537978,2022-11-14 12:40:00+00:00
MOEX,EURUSD000TOM,1.02956,1.03005,1.02925,1.03005,987000,1016547,2022-11-14 12:50:00+00:00
MOEX,EURUSD000TOM,1.03014,1.03015,1.02836,1.02943,985000,1013817,2022-11-14 13:00:00+00:00
MOEX,EURUSD000TOM,1.02984,1.03034,1.02939,1.03034,833000,857628,2022-11-14 13:10:00+00:00
MOEX,EURUSD000TOM,1.02997,1.03004,1.02963,1.02963,215000,221397,2022-11-14 13:20:00+00:00
MOEX,EURUSD000TOM,1.02925,1.02925,1.029,1.029,1500000,1543644,2022-11-14 13:30:00+00:00
MOEX,EURUSD000TOM,1.0291,1.02952,1.02907,1.02909,601000,618518,2022-11-14 13:40:00+00:00
MOEX,EURUSD000TOM,1.02908,1.03041,1.02908,1.03041,470000,484079,2022-11-14 13:50:00+00:00
MOEX,EURUSD000TOM,1.03061,1.03061,1.02987,1.02993,461000,474905,2022-11-14 14:00:00+00:00
MOEX,EURUSD000TOM,1.02999,1.03119,1.02999,1.03115,480000,494761,2022-11-14 14:10:00+00:00
